Year,Region,forest_area_kha,county_area_km2,coverage
1990,TOTAL,6371.0,238397,0.267243295846844
1991,TOTAL,6367.6,238397,0.267100676602474
1992,TOTAL,6368.2,238397,0.267125844704422
1993,TOTAL,6366.9,238397,0.267071313816869
1994,TOTAL,6369.0,238397,0.267159402173685
1995,TOTAL,6368.8,238397,0.267151012806369
1996,TOTAL,6365.7,238397,0.267020977612973
1997,TOTAL,6367.3,238397,0.2670880925515
1998,TOTAL,6367.1,238397,0.267079703184184
1999,TOTAL,6367.3,238397,0.2670880925515
2000,TOTAL,6366.5,238397,0.267054535082237
2001,TOTAL,6366.8,238397,0.267067119133211
2002,TOTAL,6387.8,238397,0.267948002701376
2003,TOTAL,6368.5,238397,0.267138428755395
2004,TOTAL,6382.2,238397,0.267713100416532
2005,TOTAL,6390.6,238397,0.268065453843798
2006,TOTAL,6427.7,238397,0.269621681480891
2007,TOTAL,6484.6,238397,0.272008456482254
2008,TOTAL,6469.9,238397,0.271391837984538
2009,TOTAL,6494.7,238397,0.272432119531706
2010,TOTAL,6515.1,238397,0.273287834997924
2011,TOTAL,6521.8,238397,0.273568878803005
2012,TOTAL,6529.1,238397,0.273875090710034
2013,TOTAL,6538.5,238397,0.27426939097388
2014,TOTAL,6544.6,238397,0.274525266677014
2015,TOTAL,6555.1,238397,0.274965708461096
2016,TOTAL,6559.0,238397,0.275129301123756
2017,TOTAL,6564.9,238397,0.275376787459574
2018,TOTAL,6583.1,238397,0.276140219885317
2019,TOTAL,6592.2,238397,0.276521936098189
1990,Bihor,195.4,7539,0.259185568377769
1991,Bihor,195.4,7539,0.259185568377769
1992,Bihor,195.4,7539,0.259185568377769
1993,Bihor,191.7,7539,0.254277755670513
1994,Bihor,194.7,7539,0.258257063270991
1995,Bihor,195.3,7539,0.259052924791086
1996,Bihor,195.3,7539,0.259052924791086
1997,Bihor,195.3,7539,0.259052924791086
1998,Bihor,195.5,7539,0.259318211964452
1999,Bihor,195.5,7539,0.259318211964452
2000,Bihor,195.5,7539,0.259318211964452
2001,Bihor,195.6,7539,0.259450855551134
2002,Bihor,198.2,7539,0.262899588804881
2003,Bihor,195.4,7539,0.259185568377769
2004,Bihor,195.3,7539,0.259052924791086
2005,Bihor,193.4,7539,0.256532696644117
2006,Bihor,200.3,7539,0.265685104125216
2007,Bihor,206.7,7539,0.274174293672901
2008,Bihor,208.1,7539,0.276031303886457
2009,Bihor,209.2,7539,0.277490383339966
2010,Bihor,209.2,7539,0.277490383339966
2011,Bihor,209.2,7539,0.277490383339966
2012,Bihor,209.2,7539,0.277490383339966
2013,Bihor,209.2,7539,0.277490383339966
2014,Bihor,209.3,7539,0.277623026926648
2015,Bihor,209.3,7539,0.277623026926648
2016,Bihor,209.3,7539,0.277623026926648
2017,Bihor,209.4,7539,0.277755670513331
2018,Bihor,211.2,7539,0.280143255073617
2019,Bihor,211.2,7539,0.280143255073617
1990,Bistrita-Nasaud,189.5,5358,0.353676745054125
1991,Bistrita-Nasaud,189.9,5358,0.354423292273236
1992,Bistrita-Nasaud,189.9,5358,0.354423292273236
1993,Bistrita-Nasaud,189.9,5358,0.354423292273236
1994,Bistrita-Nasaud,190.0,5358,0.354609929078014
1995,Bistrita-Nasaud,189.8,5358,0.354236655468458
1996,Bistrita-Nasaud,188.6,5358,0.351997013811124
1997,Bistrita-Nasaud,189.7,5358,0.35405001866368
1998,Bistrita-Nasaud,189.6,5358,0.353863381858903
1999,Bistrita-Nasaud,189.6,5358,0.353863381858903
2000,Bistrita-Nasaud,189.8,5358,0.354236655468458
2001,Bistrita-Nasaud,189.8,5358,0.354236655468458
2002,Bistrita-Nasaud,200.8,5358,0.374766703994028
2003,Bistrita-Nasaud,190.3,5358,0.355169839492348
2004,Bistrita-Nasaud,190.3,5358,0.355169839492348
2005,Bistrita-Nasaud,192.7,5358,0.359649122807018
2006,Bistrita-Nasaud,191.8,5358,0.357969391564016
2007,Bistrita-Nasaud,192.1,5358,0.35852930197835
2008,Bistrita-Nasaud,190.9,5358,0.356289660321015
2009,Bistrita-Nasaud,192.3,5358,0.358902575587906
2010,Bistrita-Nasaud,192.4,5358,0.359089212392684
2011,Bistrita-Nasaud,192.3,5358,0.358902575587906
2012,Bistrita-Nasaud,192.4,5358,0.359089212392684
2013,Bistrita-Nasaud,192.5,5358,0.359275849197462
2014,Bistrita-Nasaud,192.5,5358,0.359275849197462
2015,Bistrita-Nasaud,192.5,5358,0.359275849197462
2016,Bistrita-Nasaud,192.5,5358,0.359275849197462
2017,Bistrita-Nasaud,192.4,5358,0.359089212392684
2018,Bistrita-Nasaud,192.6,5358,0.35946248600224
2019,Bistrita-Nasaud,192.6,5358,0.35946248600224
1990,Cluj,152.8,6672,0.229016786570743
1991,Cluj,152.8,6672,0.229016786570743
1992,Cluj,152.9,6672,0.229166666666667
1993,Cluj,152.9,6672,0.229166666666667
1994,Cluj,153.6,6672,0.230215827338129
1995,Cluj,152.8,6672,0.229016786570743
1996,Cluj,152.6,6672,0.228717026378897
1997,Cluj,152.6,6672,0.228717026378897
1998,Cluj,152.6,6672,0.228717026378897
1999,Cluj,152.6,6672,0.228717026378897
2000,Cluj,152.4,6672,0.22841726618705
2001,Cluj,152.3,6672,0.228267386091127
2002,Cluj,152.1,6672,0.227967625899281
2003,Cluj,152.3,6672,0.228267386091127
2004,Cluj,152.3,6672,0.228267386091127
2005,Cluj,155.6,6672,0.233213429256595
2006,Cluj,145.7,6672,0.218375299760192
2007,Cluj,147.5,6672,0.221073141486811
2008,Cluj,149.8,6672,0.224520383693046
2009,Cluj,149.5,6672,0.224070743405276
2010,Cluj,157.7,6672,0.236360911270983
2011,Cluj,159.9,6672,0.239658273381295
2012,Cluj,160.7,6672,0.240857314148681
2013,Cluj,161.3,6672,0.241756594724221
2014,Cluj,161.3,6672,0.241756594724221
2015,Cluj,162.7,6672,0.243854916067146
2016,Cluj,164.1,6672,0.245953237410072
2017,Cluj,164.6,6672,0.246702637889688
2018,Cluj,168.1,6672,0.251948441247002
2019,Cluj,169.6,6672,0.254196642685851
1990,Maramures,262.2,6303,0.415992384578772
1991,Maramures,262.2,6303,0.415992384578772
1992,Maramures,262.7,6303,0.416785657623354
1993,Maramures,262.6,6303,0.416627003014438
1994,Maramures,263.2,6303,0.417578930667936
1995,Maramures,263.1,6303,0.41742027605902
1996,Maramures,263.1,6303,0.41742027605902
1997,Maramures,263.2,6303,0.417578930667936
1998,Maramures,263.0,6303,0.417261621450103
1999,Maramures,263.1,6303,0.41742027605902
2000,Maramures,263.0,6303,0.417261621450103
2001,Maramures,263.0,6303,0.417261621450103
2002,Maramures,263.0,6303,0.417261621450103
2003,Maramures,265.0,6303,0.420434713628431
2004,Maramures,262.7,6303,0.416785657623354
2005,Maramures,263.3,6303,0.417737585276852
2006,Maramures,260.0,6303,0.412501983182611
2007,Maramures,255.3,6303,0.405045216563541
2008,Maramures,260.0,6303,0.412501983182611
2009,Maramures,259.8,6303,0.412184673964779
2010,Maramures,258.9,6303,0.410756782484531
2011,Maramures,258.6,6303,0.410280818657782
2012,Maramures,259.0,6303,0.410915437093448
2013,Maramures,259.1,6303,0.411074091702364
2014,Maramures,259.3,6303,0.411391400920197
2015,Maramures,259.6,6303,0.411867364746946
2016,Maramures,259.6,6303,0.411867364746946
2017,Maramures,259.8,6303,0.412184673964779
2018,Maramures,260.0,6303,0.412501983182611
2019,Maramures,260.0,6303,0.412501983182611
1990,Satu Mare,68.6,4420,0.155203619909502
1991,Satu Mare,68.6,4420,0.155203619909502
1992,Satu Mare,68.5,4420,0.154977375565611
1993,Satu Mare,68.5,4420,0.154977375565611
1994,Satu Mare,68.0,4420,0.153846153846154
1995,Satu Mare,68.0,4420,0.153846153846154
1996,Satu Mare,68.0,4420,0.153846153846154
1997,Satu Mare,68.0,4420,0.153846153846154
1998,Satu Mare,67.9,4420,0.153619909502262
1999,Satu Mare,67.9,4420,0.153619909502262
2000,Satu Mare,68.0,4420,0.153846153846154
2001,Satu Mare,68.0,4420,0.153846153846154
2002,Satu Mare,68.0,4420,0.153846153846154
2003,Satu Mare,67.8,4420,0.153393665158371
2004,Satu Mare,67.8,4420,0.153393665158371
2005,Satu Mare,68.0,4420,0.153846153846154
2006,Satu Mare,70.2,4420,0.158823529411765
2007,Satu Mare,70.2,4420,0.158823529411765
2008,Satu Mare,72.5,4420,0.164027149321267
2009,Satu Mare,72.6,4420,0.164253393665158
2010,Satu Mare,72.5,4420,0.164027149321267
2011,Satu Mare,72.6,4420,0.164253393665158
2012,Satu Mare,72.6,4420,0.164253393665158
2013,Satu Mare,72.6,4420,0.164253393665158
2014,Satu Mare,72.6,4420,0.164253393665158
2015,Satu Mare,72.6,4420,0.164253393665158
2016,Satu Mare,72.5,4420,0.164027149321267
2017,Satu Mare,72.5,4420,0.164027149321267
2018,Satu Mare,72.6,4420,0.164253393665158
2019,Satu Mare,72.6,4420,0.164253393665158
1990,Salaj,95.0,3867,0.245668476855443
1991,Salaj,95.1,3867,0.245927075252133
1992,Salaj,95.2,3867,0.246185673648823
1993,Salaj,95.2,3867,0.246185673648823
1994,Salaj,95.2,3867,0.246185673648823
1995,Salaj,95.5,3867,0.246961468838893
1996,Salaj,95.4,3867,0.246702870442203
1997,Salaj,95.4,3867,0.246702870442203
1998,Salaj,95.4,3867,0.246702870442203
1999,Salaj,95.4,3867,0.246702870442203
2000,Salaj,95.6,3867,0.247220067235583
2001,Salaj,95.6,3867,0.247220067235583
2002,Salaj,95.6,3867,0.247220067235583
2003,Salaj,95.5,3867,0.246961468838893
2004,Salaj,95.5,3867,0.246961468838893
2005,Salaj,95.2,3867,0.246185673648823
2006,Salaj,95.9,3867,0.247995862425653
2007,Salaj,95.9,3867,0.247995862425653
2008,Salaj,95.9,3867,0.247995862425653
2009,Salaj,95.9,3867,0.247995862425653
2010,Salaj,95.9,3867,0.247995862425653
2011,Salaj,95.9,3867,0.247995862425653
2012,Salaj,95.8,3867,0.247737264028963
2013,Salaj,95.9,3867,0.247995862425653
2014,Salaj,95.9,3867,0.247995862425653
2015,Salaj,95.9,3867,0.247995862425653
2016,Salaj,95.9,3867,0.247995862425653
2017,Salaj,95.9,3867,0.247995862425653
2018,Salaj,95.9,3867,0.247995862425653
2019,Salaj,95.9,3867,0.247995862425653
1990,Alba,206.9,6250,0.33104
1991,Alba,206.9,6250,0.33104
1992,Alba,206.8,6250,0.33088
1993,Alba,206.5,6250,0.3304
1994,Alba,206.6,6250,0.33056
1995,Alba,206.9,6250,0.33104
1996,Alba,207.1,6250,0.33136
1997,Alba,207.0,6250,0.3312
1998,Alba,207.0,6250,0.3312
1999,Alba,207.0,6250,0.3312
2000,Alba,207.1,6250,0.33136
2001,Alba,207.1,6250,0.33136
2002,Alba,206.9,6250,0.33104
2003,Alba,206.1,6250,0.32976
2004,Alba,206.1,6250,0.32976
2005,Alba,206.1,6250,0.32976
2006,Alba,206.3,6250,0.33008
2007,Alba,206.8,6250,0.33088
2008,Alba,206.9,6250,0.33104
2009,Alba,206.4,6250,0.33024
2010,Alba,206.3,6250,0.33008
2011,Alba,206.6,6250,0.33056
2012,Alba,206.1,6250,0.32976
2013,Alba,206.2,6250,0.32992
2014,Alba,206.5,6250,0.3304
2015,Alba,203.7,6250,0.32592
2016,Alba,203.9,6250,0.32624
2017,Alba,204.3,6250,0.32688
2018,Alba,206.8,6250,0.33088
2019,Alba,206.9,6250,0.33104
1990,Brasov,190.2,5361,0.354784555120313
1991,Brasov,190.1,5361,0.354598022756948
1992,Brasov,190.1,5361,0.354598022756948
1993,Brasov,190.1,5361,0.354598022756948
1994,Brasov,190.2,5361,0.354784555120313
1995,Brasov,189.7,5361,0.353851893303488
1996,Brasov,189.9,5361,0.354224958030218
1997,Brasov,189.9,5361,0.354224958030218
1998,Brasov,190.0,5361,0.354411490393583
1999,Brasov,190.0,5361,0.354411490393583
2000,Brasov,190.0,5361,0.354411490393583
2001,Brasov,190.1,5361,0.354598022756948
2002,Brasov,190.6,5361,0.355530684573774
2003,Brasov,190.2,5361,0.354784555120313
2004,Brasov,190.1,5361,0.354598022756948
2005,Brasov,190.2,5361,0.354784555120313
2006,Brasov,197.7,5361,0.368774482372692
2007,Brasov,202.9,5361,0.378474165267674
2008,Brasov,202.9,5361,0.378474165267674
2009,Brasov,204.3,5361,0.381085618354785
2010,Brasov,204.3,5361,0.381085618354785
2011,Brasov,204.4,5361,0.38127215071815
2012,Brasov,204.7,5361,0.381831747808245
2013,Brasov,205.0,5361,0.38239134489834
2014,Brasov,205.0,5361,0.38239134489834
2015,Brasov,205.2,5361,0.38276440962507
2016,Brasov,205.2,5361,0.38276440962507
2017,Brasov,205.1,5361,0.382577877261705
2018,Brasov,205.2,5361,0.38276440962507
2019,Brasov,205.2,5361,0.38276440962507
1990,Covasna,162.1,3707,0.437280820070138
1991,Covasna,162.1,3707,0.437280820070138
1992,Covasna,162.4,3707,0.438090099811168
1993,Covasna,161.7,3707,0.43620178041543
1994,Covasna,162.0,3707,0.437011060156461
1995,Covasna,162.2,3707,0.437550579983814
1996,Covasna,161.9,3707,0.436741300242784
1997,Covasna,162.0,3707,0.437011060156461
1998,Covasna,161.9,3707,0.436741300242784
1999,Covasna,161.9,3707,0.436741300242784
2000,Covasna,161.9,3707,0.436741300242784
2001,Covasna,161.7,3707,0.43620178041543
2002,Covasna,161.0,3707,0.434313461019692
2003,Covasna,161.8,3707,0.436471540329107
2004,Covasna,161.2,3707,0.434852980847046
2005,Covasna,161.4,3707,0.4353925006744
2006,Covasna,162.4,3707,0.438090099811168
2007,Covasna,175.1,3707,0.472349608848125
2008,Covasna,162.6,3707,0.438629619638522
2009,Covasna,168.7,3707,0.455084974372808
2010,Covasna,167.2,3707,0.451038575667656
2011,Covasna,170.2,3707,0.459131373077961
2012,Covasna,170.2,3707,0.459131373077961
2013,Covasna,171.3,3707,0.462098732128406
2014,Covasna,171.3,3707,0.462098732128406
2015,Covasna,171.4,3707,0.462368492042083
2016,Covasna,171.5,3707,0.462638251955759
2017,Covasna,171.4,3707,0.462368492042083
2018,Covasna,171.4,3707,0.462368492042083
2019,Covasna,171.4,3707,0.462368492042083
1990,Harghita,231.2,6637,0.348350158204008
1991,Harghita,231.3,6637,0.34850082868766
1992,Harghita,231.3,6637,0.34850082868766
1993,Harghita,231.3,6637,0.34850082868766
1994,Harghita,230.8,6637,0.347747476269399
1995,Harghita,231.1,6637,0.348199487720356
1996,Harghita,231.3,6637,0.34850082868766
1997,Harghita,231.4,6637,0.348651499171312
1998,Harghita,231.5,6637,0.348802169654965
1999,Harghita,231.5,6637,0.348802169654965
2000,Harghita,231.4,6637,0.348651499171312
2001,Harghita,231.4,6637,0.348651499171312
2002,Harghita,226.9,6637,0.341871327406961
2003,Harghita,231.0,6637,0.348048817236703
2004,Harghita,234.9,6637,0.353924966099141
2005,Harghita,237.4,6637,0.357691728190447
2006,Harghita,265.4,6637,0.399879463613078
2007,Harghita,272.8,6637,0.411029079403345
2008,Harghita,264.8,6637,0.398975440711165
2009,Harghita,264.1,6637,0.397920747325599
2010,Harghita,262.3,6637,0.395208678619858
2011,Harghita,262.4,6637,0.395359349103511
2012,Harghita,262.4,6637,0.395359349103511
2013,Harghita,264.1,6637,0.397920747325599
2014,Harghita,264.1,6637,0.397920747325599
2015,Harghita,264.1,6637,0.397920747325599
2016,Harghita,264.1,6637,0.397920747325599
2017,Harghita,264.1,6637,0.397920747325599
2018,Harghita,264.1,6637,0.397920747325599
2019,Harghita,264.1,6637,0.397920747325599
1990,Mures,208.3,6705,0.310663683818046
1991,Mures,208.3,6705,0.310663683818046
1992,Mures,208.3,6705,0.310663683818046
1993,Mures,208.2,6705,0.310514541387025
1994,Mures,208.4,6705,0.310812826249068
1995,Mures,208.2,6705,0.310514541387025
1996,Mures,208.2,6705,0.310514541387025
1997,Mures,208.1,6705,0.310365398956003
1998,Mures,208.1,6705,0.310365398956003
1999,Mures,208.1,6705,0.310365398956003
2000,Mures,208.4,6705,0.310812826249068
2001,Mures,208.4,6705,0.310812826249068
2002,Mures,208.4,6705,0.310812826249068
2003,Mures,208.3,6705,0.310663683818046
2004,Mures,208.3,6705,0.310663683818046
2005,Mures,208.5,6705,0.310961968680089
2006,Mures,208.5,6705,0.310961968680089
2007,Mures,208.5,6705,0.310961968680089
2008,Mures,225.2,6705,0.335868754660701
2009,Mures,219.4,6705,0.327218493661447
2010,Mures,219.6,6705,0.32751677852349
2011,Mures,219.7,6705,0.327665920954512
2012,Mures,219.8,6705,0.327815063385533
2013,Mures,219.7,6705,0.327665920954512
2014,Mures,219.8,6705,0.327815063385533
2015,Mures,220.1,6705,0.328262490678598
2016,Mures,220.1,6705,0.328262490678598
2017,Mures,220.1,6705,0.328262490678598
2018,Mures,220.0,6705,0.328113348247576
2019,Mures,220.7,6705,0.329157345264728
1990,Sibiu,186.4,5432,0.343151693667158
1991,Sibiu,186.5,5432,0.343335787923417
1992,Sibiu,186.7,5432,0.343703976435935
1993,Sibiu,186.7,5432,0.343703976435935
1994,Sibiu,186.6,5432,0.343519882179676
1995,Sibiu,186.2,5432,0.342783505154639
1996,Sibiu,186.4,5432,0.343151693667158
1997,Sibiu,186.4,5432,0.343151693667158
1998,Sibiu,186.4,5432,0.343151693667158
1999,Sibiu,186.5,5432,0.343335787923417
2000,Sibiu,186.4,5432,0.343151693667158
2001,Sibiu,186.4,5432,0.343151693667158
2002,Sibiu,186.8,5432,0.343888070692194
2003,Sibiu,186.8,5432,0.343888070692194
2004,Sibiu,186.4,5432,0.343151693667158
2005,Sibiu,186.8,5432,0.343888070692194
2006,Sibiu,186.5,5432,0.343335787923417
2007,Sibiu,198.4,5432,0.365243004418262
2008,Sibiu,190.0,5432,0.349779086892489
2009,Sibiu,194.4,5432,0.357879234167894
2010,Sibiu,195.9,5432,0.360640648011782
2011,Sibiu,196.3,5432,0.361377025036819
2012,Sibiu,196.7,5432,0.362113402061856
2013,Sibiu,197.7,5432,0.363954344624448
2014,Sibiu,198.5,5432,0.365427098674521
2015,Sibiu,198.9,5432,0.366163475699558
2016,Sibiu,198.9,5432,0.366163475699558
2017,Sibiu,200.1,5432,0.368372606774669
2018,Sibiu,201.6,5432,0.371134020618557
2019,Sibiu,201.9,5432,0.371686303387334
1990,Bacau,266.7,6622,0.402748414376321
1991,Bacau,266.3,6622,0.402144367260646
1992,Bacau,284.3,6622,0.429326487466022
1993,Bacau,266.7,6622,0.402748414376321
1994,Bacau,267.0,6622,0.403201449713078
1995,Bacau,266.9,6622,0.403050437934159
1996,Bacau,266.5,6622,0.402446390818484
1997,Bacau,266.6,6622,0.402597402597403
1998,Bacau,267.0,6622,0.403201449713078
1999,Bacau,266.8,6622,0.40289942615524
2000,Bacau,266.6,6622,0.402597402597403
2001,Bacau,266.6,6622,0.402597402597403
2002,Bacau,266.6,6622,0.402597402597403
2003,Bacau,269.6,6622,0.407127755964965
2004,Bacau,271.5,6622,0.409996979764422
2005,Bacau,271.3,6622,0.409694956206584
2006,Bacau,267.9,6622,0.404560555723346
2007,Bacau,268.8,6622,0.405919661733615
2008,Bacau,268.8,6622,0.405919661733615
2009,Bacau,269.1,6622,0.406372697070371
2010,Bacau,269.9,6622,0.407580791301722
2011,Bacau,270.2,6622,0.408033826638478
2012,Bacau,270.2,6622,0.408033826638478
2013,Bacau,270.2,6622,0.408033826638478
2014,Bacau,270.2,6622,0.408033826638478
2015,Bacau,269.9,6622,0.407580791301722
2016,Bacau,270.2,6622,0.408033826638478
2017,Bacau,270.4,6622,0.408335850196315
2018,Bacau,271.7,6622,0.410299003322259
2019,Bacau,272.2,6622,0.411054062216853
1990,Botosani,55.7,4987,0.11169039502707
1991,Botosani,55.7,4987,0.11169039502707
1992,Botosani,55.7,4987,0.11169039502707
1993,Botosani,55.7,4987,0.11169039502707
1994,Botosani,55.9,4987,0.112091437738119
1995,Botosani,55.8,4987,0.111890916382595
1996,Botosani,55.8,4987,0.111890916382595
1997,Botosani,55.8,4987,0.111890916382595
1998,Botosani,55.8,4987,0.111890916382595
1999,Botosani,55.8,4987,0.111890916382595
2000,Botosani,55.8,4987,0.111890916382595
2001,Botosani,55.8,4987,0.111890916382595
2002,Botosani,56.0,4987,0.112291959093643
2003,Botosani,56.0,4987,0.112291959093643
2004,Botosani,56.0,4987,0.112291959093643
2005,Botosani,56.1,4987,0.112492480449168
2006,Botosani,56.3,4987,0.112893523160217
2007,Botosani,56.4,4987,0.113094044515741
2008,Botosani,56.4,4987,0.113094044515741
2009,Botosani,56.4,4987,0.113094044515741
2010,Botosani,56.4,4987,0.113094044515741
2011,Botosani,56.4,4987,0.113094044515741
2012,Botosani,56.4,4987,0.113094044515741
2013,Botosani,56.5,4987,0.113294565871265
2014,Botosani,56.8,4987,0.113896129937838
2015,Botosani,57.0,4987,0.114297172648887
2016,Botosani,57.0,4987,0.114297172648887
2017,Botosani,57.0,4987,0.114297172648887
2018,Botosani,57.0,4987,0.114297172648887
2019,Botosani,57.0,4987,0.114297172648887
1990,Iasi,97.2,5477,0.17746941756436
1991,Iasi,96.8,5477,0.176739090743108
1992,Iasi,96.6,5477,0.176373927332481
1993,Iasi,96.6,5477,0.176373927332481
1994,Iasi,97.0,5477,0.177104254153734
1995,Iasi,96.8,5477,0.176739090743108
1996,Iasi,96.8,5477,0.176739090743108
1997,Iasi,96.9,5477,0.176921672448421
1998,Iasi,96.6,5477,0.176373927332481
1999,Iasi,96.9,5477,0.176921672448421
2000,Iasi,97.2,5477,0.17746941756436
2001,Iasi,97.2,5477,0.17746941756436
2002,Iasi,97.2,5477,0.17746941756436
2003,Iasi,97.2,5477,0.17746941756436
2004,Iasi,97.6,5477,0.178199744385613
2005,Iasi,97.7,5477,0.178382326090926
2006,Iasi,97.5,5477,0.178017162680299
2007,Iasi,97.4,5477,0.177834580974986
2008,Iasi,97.8,5477,0.178564907796239
2009,Iasi,97.6,5477,0.178199744385613
2010,Iasi,97.6,5477,0.178199744385613
2011,Iasi,97.7,5477,0.178382326090926
2012,Iasi,97.6,5477,0.178199744385613
2013,Iasi,97.7,5477,0.178382326090926
2014,Iasi,97.6,5477,0.178199744385613
2015,Iasi,97.8,5477,0.178564907796239
2016,Iasi,97.8,5477,0.178564907796239
2017,Iasi,97.9,5477,0.178747489501552
2018,Iasi,98.0,5477,0.178930071206865
2019,Iasi,98.0,5477,0.178930071206865
1990,Neamt,260.4,5897,0.441580464643039
1991,Neamt,260.6,5897,0.441919620145837
1992,Neamt,242.8,5897,0.411734780396812
1993,Neamt,260.5,5897,0.441750042394438
1994,Neamt,260.5,5897,0.441750042394438
1995,Neamt,260.5,5897,0.441750042394438
1996,Neamt,260.4,5897,0.441580464643039
1997,Neamt,260.4,5897,0.441580464643039
1998,Neamt,260.1,5897,0.441071731388842
1999,Neamt,260.0,5897,0.440902153637443
2000,Neamt,259.9,5897,0.440732575886044
2001,Neamt,259.8,5897,0.440562998134645
2002,Neamt,260.1,5897,0.441071731388842
2003,Neamt,259.2,5897,0.439545531626251
2004,Neamt,259.0,5897,0.439206376123453
2005,Neamt,261.3,5897,0.44310666440563
2006,Neamt,258.5,5897,0.438358487366458
2007,Neamt,258.4,5897,0.438188909615059
2008,Neamt,259.0,5897,0.439206376123453
2009,Neamt,258.9,5897,0.439036798372054
2010,Neamt,259.0,5897,0.439206376123453
2011,Neamt,259.0,5897,0.439206376123453
2012,Neamt,259.3,5897,0.43971510937765
2013,Neamt,259.2,5897,0.439545531626251
2014,Neamt,260.1,5897,0.441071731388842
2015,Neamt,261.8,5897,0.443954553162625
2016,Neamt,262.0,5897,0.444293708665423
2017,Neamt,262.2,5897,0.444632864168221
2018,Neamt,262.4,5897,0.444972019671019
2019,Neamt,262.5,5897,0.445141597422418
1990,Suceava,436.1,8553,0.509879574418333
1991,Suceava,435.8,8553,0.509528820296972
1992,Suceava,435.6,8553,0.509294984216065
1993,Suceava,435.6,8553,0.509294984216065
1994,Suceava,435.5,8553,0.509178066175611
1995,Suceava,435.2,8553,0.50882731205425
1996,Suceava,435.2,8553,0.50882731205425
1997,Suceava,435.1,8553,0.508710394013796
1998,Suceava,435.3,8553,0.508944230094704
1999,Suceava,435.3,8553,0.508944230094704
2000,Suceava,434.8,8553,0.508359639892435
2001,Suceava,434.8,8553,0.508359639892435
2002,Suceava,434.9,8553,0.508476557932889
2003,Suceava,435.1,8553,0.508710394013796
2004,Suceava,435.1,8553,0.508710394013796
2005,Suceava,435.0,8553,0.508593475973343
2006,Suceava,435.0,8553,0.508593475973343
2007,Suceava,435.0,8553,0.508593475973343
2008,Suceava,435.2,8553,0.50882731205425
2009,Suceava,435.3,8553,0.508944230094704
2010,Suceava,435.3,8553,0.508944230094704
2011,Suceava,436.1,8553,0.509879574418333
2012,Suceava,436.4,8553,0.510230328539694
2013,Suceava,436.7,8553,0.510581082661055
2014,Suceava,437.1,8553,0.511048754822869
2015,Suceava,437.5,8553,0.511516426984684
2016,Suceava,437.8,8553,0.511867181106045
2017,Suceava,437.8,8553,0.511867181106045
2018,Suceava,437.8,8553,0.511867181106045
2019,Suceava,437.9,8553,0.511984099146498
1990,Vaslui,70.5,5317,0.132593567801392
1991,Vaslui,70.5,5317,0.132593567801392
1992,Vaslui,70.4,5317,0.132405491818695
1993,Vaslui,70.3,5317,0.132217415835998
1994,Vaslui,70.5,5317,0.132593567801392
1995,Vaslui,70.5,5317,0.132593567801392
1996,Vaslui,70.5,5317,0.132593567801392
1997,Vaslui,70.5,5317,0.132593567801392
1998,Vaslui,70.8,5317,0.133157795749483
1999,Vaslui,70.5,5317,0.132593567801392
2000,Vaslui,70.5,5317,0.132593567801392
2001,Vaslui,70.6,5317,0.132781643784089
2002,Vaslui,70.4,5317,0.132405491818695
2003,Vaslui,70.9,5317,0.13334587173218
2004,Vaslui,71.6,5317,0.134662403611059
2005,Vaslui,71.9,5317,0.13522663155915
2006,Vaslui,73.9,5317,0.13898815121309
2007,Vaslui,72.4,5317,0.136167011472635
2008,Vaslui,64.0,5317,0.120368628926086
2009,Vaslui,72.5,5317,0.136355087455332
2010,Vaslui,72.5,5317,0.136355087455332
2011,Vaslui,72.6,5317,0.136543163438029
2012,Vaslui,72.5,5317,0.136355087455332
2013,Vaslui,72.2,5317,0.135790859507241
2014,Vaslui,72.3,5317,0.135978935489938
2015,Vaslui,72.4,5317,0.136167011472635
2016,Vaslui,72.6,5317,0.136543163438029
2017,Vaslui,72.8,5317,0.136919315403423
2018,Vaslui,73.0,5317,0.137295467368817
2019,Vaslui,72.7,5317,0.136731239420726
1990,Braila,24.2,4766,0.0507763323541754
1991,Braila,24.2,4766,0.0507763323541754
1992,Braila,24.2,4766,0.0507763323541754
1993,Braila,24.2,4766,0.0507763323541754
1994,Braila,25.7,4766,0.0539236256819136
1995,Braila,25.5,4766,0.0535039865715485
1996,Braila,25.9,4766,0.0543432647922786
1997,Braila,25.9,4766,0.0543432647922786
1998,Braila,25.9,4766,0.0543432647922786
1999,Braila,25.9,4766,0.0543432647922786
2000,Braila,25.8,4766,0.0541334452370961
2001,Braila,25.5,4766,0.0535039865715485
2002,Braila,26.0,4766,0.0545530843474612
2003,Braila,25.9,4766,0.0543432647922786
2004,Braila,27.2,4766,0.0570709190096517
2005,Braila,27.2,4766,0.0570709190096517
2006,Braila,27.1,4766,0.0568610994544692
2007,Braila,26.9,4766,0.0564414603441041
2008,Braila,24.9,4766,0.0522450692404532
2009,Braila,27.3,4766,0.0572807385648342
2010,Braila,27.2,4766,0.0570709190096517
2011,Braila,27.2,4766,0.0570709190096517
2012,Braila,27.9,4766,0.0585396558959295
2013,Braila,27.9,4766,0.0585396558959295
2014,Braila,27.9,4766,0.0585396558959295
2015,Braila,28.0,4766,0.058749475451112
2016,Braila,28.0,4766,0.058749475451112
2017,Braila,28.1,4766,0.0589592950062946
2018,Braila,28.1,4766,0.0589592950062946
2019,Braila,28.1,4766,0.0589592950062946
1990,Buzau,158.4,6101,0.259629568923127
1991,Buzau,158.2,6101,0.259301753810851
1992,Buzau,158.2,6101,0.259301753810851
1993,Buzau,158.9,6101,0.260449106703819
1994,Buzau,159.7,6101,0.261760367152926
1995,Buzau,158.8,6101,0.260285199147681
1996,Buzau,158.4,6101,0.259629568923127
1997,Buzau,158.3,6101,0.259465661366989
1998,Buzau,158.3,6101,0.259465661366989
1999,Buzau,158.2,6101,0.259301753810851
2000,Buzau,158.2,6101,0.259301753810851
2001,Buzau,158.0,6101,0.258973938698574
2002,Buzau,157.6,6101,0.258318308474021
2003,Buzau,157.8,6101,0.258646123586297
2004,Buzau,158.0,6101,0.258973938698574
2005,Buzau,158.3,6101,0.259465661366989
2006,Buzau,152.0,6101,0.249139485330274
2007,Buzau,159.5,6101,0.261432552040649
2008,Buzau,159.6,6101,0.261596459596787
2009,Buzau,158.2,6101,0.259301753810851
2010,Buzau,158.5,6101,0.259793476479266
2011,Buzau,159.6,6101,0.261596459596787
2012,Buzau,160.8,6101,0.263563350270447
2013,Buzau,160.4,6101,0.262907720045894
2014,Buzau,160.1,6101,0.262415997377479
2015,Buzau,160.2,6101,0.262579904933617
2016,Buzau,160.5,6101,0.263071627602032
2017,Buzau,160.5,6101,0.263071627602032
2018,Buzau,160.8,6101,0.263563350270447
2019,Buzau,160.8,6101,0.263563350270447
1990,Constanta,37.6,7104,0.0529279279279279
1991,Constanta,35.5,7104,0.0499718468468468
1992,Constanta,35.5,7104,0.0499718468468468
1993,Constanta,35.5,7104,0.0499718468468468
1994,Constanta,35.5,7104,0.0499718468468468
1995,Constanta,35.5,7104,0.0499718468468468
1996,Constanta,35.5,7104,0.0499718468468468
1997,Constanta,35.5,7104,0.0499718468468468
1998,Constanta,35.2,7104,0.0495495495495495
1999,Constanta,35.3,7104,0.0496903153153153
2000,Constanta,35.4,7104,0.0498310810810811
2001,Constanta,35.4,7104,0.0498310810810811
2002,Constanta,35.4,7104,0.0498310810810811
2003,Constanta,35.4,7104,0.0498310810810811
2004,Constanta,39.9,7104,0.0561655405405405
2005,Constanta,39.9,7104,0.0561655405405405
2006,Constanta,39.0,7104,0.0548986486486486
2007,Constanta,39.0,7104,0.0548986486486486
2008,Constanta,39.0,7104,0.0548986486486486
2009,Constanta,38.9,7104,0.0547578828828829
2010,Constanta,39.0,7104,0.0548986486486486
2011,Constanta,39.0,7104,0.0548986486486486
2012,Constanta,38.9,7104,0.0547578828828829
2013,Constanta,38.9,7104,0.0547578828828829
2014,Constanta,39.0,7104,0.0548986486486486
2015,Constanta,39.1,7104,0.0550394144144144
2016,Constanta,39.2,7104,0.0551801801801802
2017,Constanta,39.4,7104,0.0554617117117117
2018,Constanta,39.4,7104,0.0554617117117117
2019,Constanta,39.5,7104,0.0556024774774775
1990,Galati,36.5,4465,0.0817469204927212
1991,Galati,36.5,4465,0.0817469204927212
1992,Galati,36.5,4465,0.0817469204927212
1993,Galati,36.5,4465,0.0817469204927212
1994,Galati,36.6,4465,0.0819708846584546
1995,Galati,36.4,4465,0.0815229563269877
1996,Galati,36.4,4465,0.0815229563269877
1997,Galati,36.2,4465,0.0810750279955207
1998,Galati,36.3,4465,0.0812989921612542
1999,Galati,36.3,4465,0.0812989921612542
2000,Galati,36.3,4465,0.0812989921612542
2001,Galati,36.3,4465,0.0812989921612542
2002,Galati,36.5,4465,0.0817469204927212
2003,Galati,36.5,4465,0.0817469204927212
2004,Galati,37.0,4465,0.0828667413213886
2005,Galati,36.9,4465,0.0826427771556551
2006,Galati,36.3,4465,0.0812989921612542
2007,Galati,37.1,4465,0.0830907054871221
2008,Galati,37.7,4465,0.084434490481523
2009,Galati,37.7,4465,0.084434490481523
2010,Galati,37.7,4465,0.084434490481523
2011,Galati,37.6,4465,0.0842105263157895
2012,Galati,37.7,4465,0.084434490481523
2013,Galati,37.1,4465,0.0830907054871221
2014,Galati,37.2,4465,0.0833146696528555
2015,Galati,37.2,4465,0.0833146696528555
2016,Galati,37.2,4465,0.0833146696528555
2017,Galati,37.1,4465,0.0830907054871221
2018,Galati,37.2,4465,0.0833146696528555
2019,Galati,37.1,4465,0.0830907054871221
1990,Tulcea,101.8,8484,0.11999057048562
1991,Tulcea,102.0,8484,0.12022630834512
1992,Tulcea,102.0,8484,0.12022630834512
1993,Tulcea,101.8,8484,0.11999057048562
1994,Tulcea,102.1,8484,0.12034417727487
1995,Tulcea,101.6,8484,0.11975483262612
1996,Tulcea,101.6,8484,0.11975483262612
1997,Tulcea,102.2,8484,0.12046204620462
1998,Tulcea,102.2,8484,0.12046204620462
1999,Tulcea,102.2,8484,0.12046204620462
2000,Tulcea,102.2,8484,0.12046204620462
2001,Tulcea,102.2,8484,0.12046204620462
2002,Tulcea,103.0,8484,0.121404997642621
2003,Tulcea,103.0,8484,0.121404997642621
2004,Tulcea,103.3,8484,0.121758604431872
2005,Tulcea,103.8,8484,0.122347949080622
2006,Tulcea,104.2,8484,0.122819424799623
2007,Tulcea,104.2,8484,0.122819424799623
2008,Tulcea,104.2,8484,0.122819424799623
2009,Tulcea,104.5,8484,0.123173031588873
2010,Tulcea,104.6,8484,0.123290900518623
2011,Tulcea,104.6,8484,0.123290900518623
2012,Tulcea,104.6,8484,0.123290900518623
2013,Tulcea,104.6,8484,0.123290900518623
2014,Tulcea,104.8,8484,0.123526638378124
2015,Tulcea,104.9,8484,0.123644507307874
2016,Tulcea,105.0,8484,0.123762376237624
2017,Tulcea,104.9,8484,0.123644507307874
2018,Tulcea,105.0,8484,0.123762376237624
2019,Tulcea,105.0,8484,0.123762376237624
1990,Vrancea,183.4,4854,0.377832715286362
1991,Vrancea,183.2,4854,0.377420683971982
1992,Vrancea,183.3,4854,0.377626699629172
1993,Vrancea,183.1,4854,0.377214668314792
1994,Vrancea,183.1,4854,0.377214668314792
1995,Vrancea,185.5,4854,0.382159044087351
1996,Vrancea,183.5,4854,0.378038730943552
1997,Vrancea,183.9,4854,0.378862793572311
1998,Vrancea,183.7,4854,0.378450762257932
1999,Vrancea,183.7,4854,0.378450762257932
2000,Vrancea,183.6,4854,0.378244746600742
2001,Vrancea,183.8,4854,0.378656777915122
2002,Vrancea,191.7,4854,0.394932014833127
2003,Vrancea,184.0,4854,0.379068809229501
2004,Vrancea,185.8,4854,0.38277709105892
2005,Vrancea,184.5,4854,0.380098887515451
2006,Vrancea,184.2,4854,0.379480840543881
2007,Vrancea,185.2,4854,0.381540997115781
2008,Vrancea,181.7,4854,0.374330449114133
2009,Vrancea,185.2,4854,0.381540997115781
2010,Vrancea,185.2,4854,0.381540997115781
2011,Vrancea,180.7,4854,0.372270292542233
2012,Vrancea,181.5,4854,0.373918417799753
2013,Vrancea,179.2,4854,0.369180057684384
2014,Vrancea,179.3,4854,0.369386073341574
2015,Vrancea,181.2,4854,0.373300370828183
2016,Vrancea,181.1,4854,0.373094355170993
2017,Vrancea,181.3,4854,0.373506386485373
2018,Vrancea,181.3,4854,0.373506386485373
2019,Vrancea,183.0,4854,0.377008652657602
1990,Arges,278.0,6822,0.407505130460276
1991,Arges,278.0,6822,0.407505130460276
1992,Arges,278.1,6822,0.407651715039578
1993,Arges,277.9,6822,0.407358545880973
1994,Arges,279.4,6822,0.409557314570507
1995,Arges,280.0,6822,0.410436822046321
1996,Arges,280.0,6822,0.410436822046321
1997,Arges,279.7,6822,0.409997068308414
1998,Arges,279.6,6822,0.409850483729112
1999,Arges,279.6,6822,0.409850483729112
2000,Arges,279.1,6822,0.4091175608326
2001,Arges,279.2,6822,0.409264145411903
2002,Arges,279.3,6822,0.409410729991205
2003,Arges,276.8,6822,0.405746115508648
2004,Arges,276.9,6822,0.405892700087951
2005,Arges,276.9,6822,0.405892700087951
2006,Arges,276.9,6822,0.405892700087951
2007,Arges,277.5,6822,0.406772207563764
2008,Arges,276.8,6822,0.405746115508648
2009,Arges,276.8,6822,0.405746115508648
2010,Arges,277.0,6822,0.406039284667253
2011,Arges,276.8,6822,0.405746115508648
2012,Arges,276.8,6822,0.405746115508648
2013,Arges,276.8,6822,0.405746115508648
2014,Arges,276.8,6822,0.405746115508648
2015,Arges,276.8,6822,0.405746115508648
2016,Arges,276.8,6822,0.405746115508648
2017,Arges,277.3,6822,0.40647903840516
2018,Arges,276.7,6822,0.405599530929346
2019,Arges,276.6,6822,0.405452946350044
1990,Calarasi,21.3,5087,0.041871436996265
1991,Calarasi,21.3,5087,0.041871436996265
1992,Calarasi,21.3,5087,0.041871436996265
1993,Calarasi,21.1,5087,0.0414782779634362
1994,Calarasi,20.6,5087,0.0404953803813643
1995,Calarasi,21.2,5087,0.0416748574798506
1996,Calarasi,21.2,5087,0.0416748574798506
1997,Calarasi,21.2,5087,0.0416748574798506
1998,Calarasi,21.3,5087,0.041871436996265
1999,Calarasi,21.3,5087,0.041871436996265
2000,Calarasi,21.3,5087,0.041871436996265
2001,Calarasi,21.3,5087,0.041871436996265
2002,Calarasi,21.3,5087,0.041871436996265
2003,Calarasi,21.2,5087,0.0416748574798506
2004,Calarasi,21.2,5087,0.0416748574798506
2005,Calarasi,21.3,5087,0.041871436996265
2006,Calarasi,21.9,5087,0.0430509140947513
2007,Calarasi,21.9,5087,0.0430509140947513
2008,Calarasi,21.9,5087,0.0430509140947513
2009,Calarasi,22.0,5087,0.0432474936111657
2010,Calarasi,21.9,5087,0.0430509140947513
2011,Calarasi,21.9,5087,0.0430509140947513
2012,Calarasi,22.1,5087,0.0434440731275801
2013,Calarasi,22.1,5087,0.0434440731275801
2014,Calarasi,22.0,5087,0.0432474936111657
2015,Calarasi,22.0,5087,0.0432474936111657
2016,Calarasi,22.0,5087,0.0432474936111657
2017,Calarasi,22.4,5087,0.0440338116768233
2018,Calarasi,22.3,5087,0.0438372321604089
2019,Calarasi,22.3,5087,0.0438372321604089
1990,Dambovita,118.7,4056,0.292652859960552
1991,Dambovita,118.6,4056,0.292406311637081
1992,Dambovita,118.7,4056,0.292652859960552
1993,Dambovita,118.8,4056,0.292899408284024
1994,Dambovita,118.6,4056,0.292406311637081
1995,Dambovita,118.8,4056,0.292899408284024
1996,Dambovita,118.8,4056,0.292899408284024
1997,Dambovita,118.7,4056,0.292652859960552
1998,Dambovita,118.4,4056,0.291913214990138
1999,Dambovita,118.6,4056,0.292406311637081
2000,Dambovita,118.4,4056,0.291913214990138
2001,Dambovita,118.4,4056,0.291913214990138
2002,Dambovita,118.4,4056,0.291913214990138
2003,Dambovita,118.5,4056,0.292159763313609
2004,Dambovita,118.6,4056,0.292406311637081
2005,Dambovita,118.4,4056,0.291913214990138
2006,Dambovita,119.0,4056,0.293392504930966
2007,Dambovita,118.3,4056,0.291666666666667
2008,Dambovita,118.6,4056,0.292406311637081
2009,Dambovita,117.9,4056,0.290680473372781
2010,Dambovita,119.2,4056,0.293885601577909
2011,Dambovita,119.6,4056,0.294871794871795
2012,Dambovita,119.2,4056,0.293885601577909
2013,Dambovita,119.2,4056,0.293885601577909
2014,Dambovita,119.2,4056,0.293885601577909
2015,Dambovita,119.2,4056,0.293885601577909
2016,Dambovita,119.2,4056,0.293885601577909
2017,Dambovita,119.2,4056,0.293885601577909
2018,Dambovita,119.2,4056,0.293885601577909
2019,Dambovita,119.0,4056,0.293392504930966
1990,Giurgiu,39.6,3544,0.111738148984199
1991,Giurgiu,46.0,3544,0.12979683972912
1992,Giurgiu,39.5,3544,0.111455981941309
1993,Giurgiu,39.7,3544,0.112020316027088
1994,Giurgiu,38.2,3544,0.107787810383747
1995,Giurgiu,38.2,3544,0.107787810383747
1996,Giurgiu,38.2,3544,0.107787810383747
1997,Giurgiu,38.1,3544,0.107505643340858
1998,Giurgiu,38.0,3544,0.107223476297968
1999,Giurgiu,38.1,3544,0.107505643340858
2000,Giurgiu,38.1,3544,0.107505643340858
2001,Giurgiu,38.1,3544,0.107505643340858
2002,Giurgiu,38.1,3544,0.107505643340858
2003,Giurgiu,38.0,3544,0.107223476297968
2004,Giurgiu,38.0,3544,0.107223476297968
2005,Giurgiu,38.1,3544,0.107505643340858
2006,Giurgiu,38.0,3544,0.107223476297968
2007,Giurgiu,38.1,3544,0.107505643340858
2008,Giurgiu,38.2,3544,0.107787810383747
2009,Giurgiu,38.9,3544,0.109762979683973
2010,Giurgiu,37.8,3544,0.10665914221219
2011,Giurgiu,38.1,3544,0.107505643340858
2012,Giurgiu,38.8,3544,0.109480812641084
2013,Giurgiu,38.8,3544,0.109480812641084
2014,Giurgiu,38.8,3544,0.109480812641084
2015,Giurgiu,38.9,3544,0.109762979683973
2016,Giurgiu,38.9,3544,0.109762979683973
2017,Giurgiu,38.7,3544,0.109198645598194
2018,Giurgiu,38.8,3544,0.109480812641084
2019,Giurgiu,38.9,3544,0.109762979683973
1990,Ialomita,25.8,4455,0.0579124579124579
1991,Ialomita,25.8,4455,0.0579124579124579
1992,Ialomita,25.7,4455,0.0576879910213244
1993,Ialomita,25.7,4455,0.0576879910213244
1994,Ialomita,25.7,4455,0.0576879910213244
1995,Ialomita,25.8,4455,0.0579124579124579
1996,Ialomita,25.7,4455,0.0576879910213244
1997,Ialomita,25.7,4455,0.0576879910213244
1998,Ialomita,25.7,4455,0.0576879910213244
1999,Ialomita,25.7,4455,0.0576879910213244
2000,Ialomita,25.7,4455,0.0576879910213244
2001,Ialomita,25.7,4455,0.0576879910213244
2002,Ialomita,25.9,4455,0.0581369248035915
2003,Ialomita,26.0,4455,0.058361391694725
2004,Ialomita,26.0,4455,0.058361391694725
2005,Ialomita,26.0,4455,0.058361391694725
2006,Ialomita,26.2,4455,0.0588103254769921
2007,Ialomita,26.1,4455,0.0585858585858586
2008,Ialomita,26.1,4455,0.0585858585858586
2009,Ialomita,26.0,4455,0.058361391694725
2010,Ialomita,26.0,4455,0.058361391694725
2011,Ialomita,26.1,4455,0.0585858585858586
2012,Ialomita,26.3,4455,0.0590347923681257
2013,Ialomita,26.2,4455,0.0588103254769921
2014,Ialomita,26.2,4455,0.0588103254769921
2015,Ialomita,26.2,4455,0.0588103254769921
2016,Ialomita,26.2,4455,0.0588103254769921
2017,Ialomita,26.1,4455,0.0585858585858586
2018,Ialomita,26.1,4455,0.0585858585858586
2019,Ialomita,26.1,4455,0.0585858585858586
1990,Prahova,149.3,4715,0.316648992576882
1991,Prahova,149.1,4715,0.316224814422057
1992,Prahova,149.0,4715,0.316012725344645
1993,Prahova,148.6,4715,0.315164369034995
1994,Prahova,147.5,4715,0.312831389183457
1995,Prahova,147.7,4715,0.313255567338282
1996,Prahova,148.2,4715,0.314316012725345
1997,Prahova,148.1,4715,0.314103923647932
1998,Prahova,148.1,4715,0.314103923647932
1999,Prahova,148.1,4715,0.314103923647932
2000,Prahova,148.0,4715,0.31389183457052
2001,Prahova,148.0,4715,0.31389183457052
2002,Prahova,147.5,4715,0.312831389183457
2003,Prahova,146.5,4715,0.310710498409332
2004,Prahova,146.5,4715,0.310710498409332
2005,Prahova,147.7,4715,0.313255567338282
2006,Prahova,147.3,4715,0.312407211028632
2007,Prahova,146.5,4715,0.310710498409332
2008,Prahova,146.7,4715,0.311134676564157
2009,Prahova,146.5,4715,0.310710498409332
2010,Prahova,147.3,4715,0.312407211028632
2011,Prahova,147.3,4715,0.312407211028632
2012,Prahova,146.5,4715,0.310710498409332
2013,Prahova,146.5,4715,0.310710498409332
2014,Prahova,146.5,4715,0.310710498409332
2015,Prahova,146.5,4715,0.310710498409332
2016,Prahova,146.6,4715,0.310922587486744
2017,Prahova,146.5,4715,0.310710498409332
2018,Prahova,146.5,4715,0.310710498409332
2019,Prahova,146.5,4715,0.310710498409332
1990,Teleorman,28.2,5788,0.0487214927436075
1991,Teleorman,28.1,5788,0.0485487214927436
1992,Teleorman,28.1,5788,0.0485487214927436
1993,Teleorman,28.1,5788,0.0485487214927436
1994,Teleorman,29.4,5788,0.0507947477539737
1995,Teleorman,29.2,5788,0.050449205252246
1996,Teleorman,29.1,5788,0.0502764340013822
1997,Teleorman,28.9,5788,0.0499308914996545
1998,Teleorman,28.9,5788,0.0499308914996545
1999,Teleorman,28.7,5788,0.0495853489979267
2000,Teleorman,28.7,5788,0.0495853489979267
2001,Teleorman,28.7,5788,0.0495853489979267
2002,Teleorman,28.7,5788,0.0495853489979267
2003,Teleorman,28.8,5788,0.0497581202487906
2004,Teleorman,28.8,5788,0.0497581202487906
2005,Teleorman,28.7,5788,0.0495853489979267
2006,Teleorman,29.7,5788,0.0513130615065653
2007,Teleorman,28.9,5788,0.0499308914996545
2008,Teleorman,28.9,5788,0.0499308914996545
2009,Teleorman,28.9,5788,0.0499308914996545
2010,Teleorman,29.9,5788,0.051658604008293
2011,Teleorman,28.8,5788,0.0497581202487906
2012,Teleorman,29.0,5788,0.0501036627505183
2013,Teleorman,28.9,5788,0.0499308914996545
2014,Teleorman,29.1,5788,0.0502764340013822
2015,Teleorman,29.0,5788,0.0501036627505183
2016,Teleorman,29.0,5788,0.0501036627505183
2017,Teleorman,29.1,5788,0.0502764340013822
2018,Teleorman,29.0,5788,0.0501036627505183
2019,Teleorman,29.3,5788,0.0506219765031099
1990,Ilfov,26.3,1564,0.168158567774936
1991,Ilfov,19.9,1564,0.127237851662404
1992,Ilfov,26.3,1564,0.168158567774936
1993,Ilfov,26.2,1564,0.167519181585678
1994,Ilfov,26.5,1564,0.169437340153453
1995,Ilfov,26.3,1564,0.168158567774936
1996,Ilfov,26.3,1564,0.168158567774936
1997,Ilfov,26.4,1564,0.168797953964194
1998,Ilfov,26.4,1564,0.168797953964194
1999,Ilfov,26.2,1564,0.167519181585678
2000,Ilfov,26.5,1564,0.169437340153453
2001,Ilfov,26.0,1564,0.166240409207161
2002,Ilfov,26.0,1564,0.166240409207161
2003,Ilfov,26.0,1564,0.166240409207161
2004,Ilfov,26.0,1564,0.166240409207161
2005,Ilfov,26.0,1564,0.166240409207161
2006,Ilfov,26.0,1564,0.166240409207161
2007,Ilfov,25.9,1564,0.165601023017903
2008,Ilfov,25.9,1564,0.165601023017903
2009,Ilfov,25.7,1564,0.164322250639386
2010,Ilfov,25.8,1564,0.164961636828645
2011,Ilfov,25.8,1564,0.164961636828645
2012,Ilfov,25.8,1564,0.164961636828645
2013,Ilfov,26.0,1564,0.166240409207161
2014,Ilfov,26.0,1564,0.166240409207161
2015,Ilfov,26.0,1564,0.166240409207161
2016,Ilfov,26.0,1564,0.166240409207161
2017,Ilfov,26.0,1564,0.166240409207161
2018,Ilfov,26.0,1564,0.166240409207161
2019,Ilfov,26.1,1564,0.166879795396419
2001,Bucuresti,0.6,240,0.025
2002,Bucuresti,0.6,240,0.025
2003,Bucuresti,0.6,240,0.025
2004,Bucuresti,0.6,240,0.025
2005,Bucuresti,0.6,240,0.025
2006,Bucuresti,0.6,240,0.025
2007,Bucuresti,0.6,240,0.025
2008,Bucuresti,0.6,240,0.025
2009,Bucuresti,0.6,240,0.025
2010,Bucuresti,0.6,240,0.025
2011,Bucuresti,0.6,240,0.025
2012,Bucuresti,0.6,240,0.025
2013,Bucuresti,0.6,240,0.025
2014,Bucuresti,0.6,240,0.025
2015,Bucuresti,0.6,240,0.025
2016,Bucuresti,0.6,240,0.025
2017,Bucuresti,0.6,240,0.025
2018,Bucuresti,0.6,240,0.025
2019,Bucuresti,0.6,240,0.025
1990,Dolj,81.7,7425,0.11003367003367
1991,Dolj,81.7,7425,0.11003367003367
1992,Dolj,81.7,7425,0.11003367003367
1993,Dolj,81.7,7425,0.11003367003367
1994,Dolj,81.7,7425,0.11003367003367
1995,Dolj,82.0,7425,0.11043771043771
1996,Dolj,82.0,7425,0.11043771043771
1997,Dolj,81.9,7425,0.11030303030303
1998,Dolj,83.2,7425,0.112053872053872
1999,Dolj,83.5,7425,0.112457912457912
2000,Dolj,83.5,7425,0.112457912457912
2001,Dolj,83.5,7425,0.112457912457912
2002,Dolj,85.7,7425,0.115420875420875
2003,Dolj,85.6,7425,0.115286195286195
2004,Dolj,85.6,7425,0.115286195286195
2005,Dolj,85.7,7425,0.115420875420875
2006,Dolj,86.4,7425,0.116363636363636
2007,Dolj,86.2,7425,0.116094276094276
2008,Dolj,86.5,7425,0.116498316498316
2009,Dolj,86.4,7425,0.116363636363636
2010,Dolj,86.5,7425,0.116498316498316
2011,Dolj,86.9,7425,0.117037037037037
2012,Dolj,86.9,7425,0.117037037037037
2013,Dolj,88.8,7425,0.11959595959596
2014,Dolj,88.9,7425,0.11973063973064
2015,Dolj,89.0,7425,0.11986531986532
2016,Dolj,89.0,7425,0.11986531986532
2017,Dolj,88.4,7425,0.119057239057239
2018,Dolj,88.5,7425,0.119191919191919
2019,Dolj,88.5,7425,0.119191919191919
1990,Gorj,253.8,5572,0.455491744436468
1991,Gorj,253.4,5572,0.454773869346734
1992,Gorj,253.5,5572,0.454953338119167
1993,Gorj,255.0,5572,0.457645369705671
1994,Gorj,254.9,5572,0.457465900933238
1995,Gorj,248.9,5572,0.446697774587222
1996,Gorj,249.0,5572,0.446877243359655
1997,Gorj,248.8,5572,0.446518305814788
1998,Gorj,248.8,5572,0.446518305814788
1999,Gorj,248.8,5572,0.446518305814788
2000,Gorj,248.7,5572,0.446338837042355
2001,Gorj,248.9,5572,0.446697774587222
2002,Gorj,248.0,5572,0.445082555635319
2003,Gorj,247.9,5572,0.444903086862886
2004,Gorj,247.7,5572,0.444544149318019
2005,Gorj,247.3,5572,0.443826274228284
2006,Gorj,248.1,5572,0.445262024407753
2007,Gorj,249.8,5572,0.448312993539124
2008,Gorj,247.8,5572,0.444723618090452
2009,Gorj,247.8,5572,0.444723618090452
2010,Gorj,248.0,5572,0.445082555635319
2011,Gorj,248.1,5572,0.445262024407753
2012,Gorj,248.1,5572,0.445262024407753
2013,Gorj,248.1,5572,0.445262024407753
2014,Gorj,248.4,5572,0.445800430725054
2015,Gorj,249.2,5572,0.447236180904523
2016,Gorj,249.3,5572,0.447415649676956
2017,Gorj,249.7,5572,0.448133524766691
2018,Gorj,249.7,5572,0.448133524766691
2019,Gorj,249.5,5572,0.447774587221823
1990,Mehedinti,146.2,4942,0.295831647106435
1991,Mehedinti,146.2,4942,0.295831647106435
1992,Mehedinti,146.4,4942,0.296236341562121
1993,Mehedinti,146.4,4942,0.296236341562121
1994,Mehedinti,146.5,4942,0.296438688789964
1995,Mehedinti,146.3,4942,0.296033994334278
1996,Mehedinti,146.3,4942,0.296033994334278
1997,Mehedinti,146.3,4942,0.296033994334278
1998,Mehedinti,146.2,4942,0.295831647106435
1999,Mehedinti,146.2,4942,0.295831647106435
2000,Mehedinti,146.2,4942,0.295831647106435
2001,Mehedinti,146.4,4942,0.296236341562121
2002,Mehedinti,146.2,4942,0.295831647106435
2003,Mehedinti,146.4,4942,0.296236341562121
2004,Mehedinti,146.6,4942,0.296641036017807
2005,Mehedinti,146.9,4942,0.297248077701335
2006,Mehedinti,146.9,4942,0.297248077701335
2007,Mehedinti,147.8,4942,0.299069202751922
2008,Mehedinti,148.0,4942,0.299473897207608
2009,Mehedinti,148.0,4942,0.299473897207608
2010,Mehedinti,148.0,4942,0.299473897207608
2011,Mehedinti,148.1,4942,0.299676244435451
2012,Mehedinti,148.5,4942,0.300485633346823
2013,Mehedinti,148.5,4942,0.300485633346823
2014,Mehedinti,148.5,4942,0.300485633346823
2015,Mehedinti,149.1,4942,0.301699716713881
2016,Mehedinti,149.1,4942,0.301699716713881
2017,Mehedinti,149.8,4942,0.303116147308782
2018,Mehedinti,149.9,4942,0.303318494536625
2019,Mehedinti,149.4,4942,0.30230675839741
1990,Olt,53.3,5503,0.0968562602216973
1991,Olt,53.3,5503,0.0968562602216973
1992,Olt,53.3,5503,0.0968562602216973
1993,Olt,53.3,5503,0.0968562602216973
1994,Olt,51.9,5503,0.0943121933490823
1995,Olt,51.8,5503,0.0941304742867527
1996,Olt,51.8,5503,0.0941304742867527
1997,Olt,52.1,5503,0.0946756314737416
1998,Olt,52.1,5503,0.0946756314737416
1999,Olt,52.1,5503,0.0946756314737416
2000,Olt,52.1,5503,0.0946756314737416
2001,Olt,52.0,5503,0.094493912411412
2002,Olt,53.1,5503,0.096492822097038
2003,Olt,53.0,5503,0.0963111030347083
2004,Olt,53.4,5503,0.0970379792840269
2005,Olt,53.0,5503,0.0963111030347083
2006,Olt,52.9,5503,0.0961293839723787
2007,Olt,53.7,5503,0.0975831364710158
2008,Olt,54.4,5503,0.0988551699073233
2009,Olt,53.6,5503,0.0974014174086862
2010,Olt,53.6,5503,0.0974014174086862
2011,Olt,54.0,5503,0.0981282936580047
2012,Olt,54.0,5503,0.0981282936580047
2013,Olt,54.1,5503,0.0983100127203344
2014,Olt,54.1,5503,0.0983100127203344
2015,Olt,54.1,5503,0.0983100127203344
2016,Olt,54.1,5503,0.0983100127203344
2017,Olt,54.1,5503,0.0983100127203344
2018,Olt,54.1,5503,0.0983100127203344
2019,Olt,54.1,5503,0.0983100127203344
1990,Valcea,271.5,5764,0.471027064538515
1991,Valcea,271.5,5764,0.471027064538515
1992,Valcea,271.0,5764,0.470159611380985
1993,Valcea,271.2,5764,0.470506592643997
1994,Valcea,271.6,5764,0.471200555170021
1995,Valcea,270.5,5764,0.469292158223456
1996,Valcea,270.5,5764,0.469292158223456
1997,Valcea,270.8,5764,0.469812630117974
1998,Valcea,271.1,5764,0.470333102012491
1999,Valcea,271.1,5764,0.470333102012491
2000,Valcea,271.1,5764,0.470333102012491
2001,Valcea,271.1,5764,0.470333102012491
2002,Valcea,271.1,5764,0.470333102012491
2003,Valcea,269.1,5764,0.466863289382373
2004,Valcea,270.3,5764,0.468945176960444
2005,Valcea,268.8,5764,0.466342817487856
2006,Valcea,267.0,5764,0.463219986120749
2007,Valcea,267.4,5764,0.463913948646773
2008,Valcea,267.4,5764,0.463913948646773
2009,Valcea,270.3,5764,0.468945176960444
2010,Valcea,270.4,5764,0.46911866759195
2011,Valcea,270.4,5764,0.46911866759195
2012,Valcea,271.0,5764,0.470159611380985
2013,Valcea,271.0,5764,0.470159611380985
2014,Valcea,271.4,5764,0.470853573907009
2015,Valcea,271.4,5764,0.470853573907009
2016,Valcea,271.4,5764,0.470853573907009
2017,Valcea,271.6,5764,0.471200555170021
2018,Valcea,271.7,5764,0.471374045801527
2019,Valcea,272.3,5764,0.472414989590562
1990,Arad,203.4,7746,0.262587141750581
1991,Arad,203.4,7746,0.262587141750581
1992,Arad,203.4,7746,0.262587141750581
1993,Arad,207.2,7746,0.267492899561064
1994,Arad,203.7,7746,0.26297443841983
1995,Arad,203.4,7746,0.262587141750581
1996,Arad,203.5,7746,0.26271624064033
1997,Arad,203.5,7746,0.26271624064033
1998,Arad,203.5,7746,0.26271624064033
1999,Arad,203.6,7746,0.26284533953008
2000,Arad,203.4,7746,0.262587141750581
2001,Arad,203.5,7746,0.26271624064033
2002,Arad,204.0,7746,0.263361735089078
2003,Arad,201.7,7746,0.260392460624839
2004,Arad,201.7,7746,0.260392460624839
2005,Arad,200.8,7746,0.259230570617093
2006,Arad,200.8,7746,0.259230570617093
2007,Arad,204.4,7746,0.263878130648076
2008,Arad,205.1,7746,0.264781822876323
2009,Arad,207.7,7746,0.268138394009812
2010,Arad,210.4,7746,0.271624064033049
2011,Arad,211.5,7746,0.273044151820294
2012,Arad,211.5,7746,0.273044151820294
2013,Arad,211.5,7746,0.273044151820294
2014,Arad,211.5,7746,0.273044151820294
2015,Arad,211.5,7746,0.273044151820294
2016,Arad,211.5,7746,0.273044151820294
2017,Arad,211.5,7746,0.273044151820294
2018,Arad,211.7,7746,0.273302349599793
2019,Arad,211.7,7746,0.273302349599793
1990,Caras-Severin,391.2,8532,0.458509142053446
1991,Caras-Severin,391.2,8532,0.458509142053446
1992,Caras-Severin,391.1,8532,0.458391936240038
1993,Caras-Severin,391.2,8532,0.458509142053446
1994,Caras-Severin,390.5,8532,0.457688701359587
1995,Caras-Severin,390.6,8532,0.457805907172996
1996,Caras-Severin,390.6,8532,0.457805907172996
1997,Caras-Severin,390.4,8532,0.457571495546179
1998,Caras-Severin,389.4,8532,0.456399437412096
1999,Caras-Severin,389.1,8532,0.456047819971871
2000,Caras-Severin,389.0,8532,0.455930614158462
2001,Caras-Severin,389.1,8532,0.456047819971871
2002,Caras-Severin,389.1,8532,0.456047819971871
2003,Caras-Severin,388.8,8532,0.455696202531646
2004,Caras-Severin,388.9,8532,0.455813408345054
2005,Caras-Severin,389.1,8532,0.456047819971871
2006,Caras-Severin,403.4,8532,0.472808251289264
2007,Caras-Severin,403.6,8532,0.473042662916081
2008,Caras-Severin,403.0,8532,0.472339428035631
2009,Caras-Severin,403.3,8532,0.472691045475856
2010,Caras-Severin,409.7,8532,0.48019221753399
2011,Caras-Severin,410.4,8532,0.481012658227848
2012,Caras-Severin,410.9,8532,0.48159868729489
2013,Caras-Severin,415.7,8532,0.48722456633849
2014,Caras-Severin,416.2,8532,0.487810595405532
2015,Caras-Severin,420.4,8532,0.492733239568683
2016,Caras-Severin,421.0,8532,0.493436474449133
2017,Caras-Severin,421.3,8532,0.493788091889358
2018,Caras-Severin,427.7,8532,0.501289263947492
2019,Caras-Severin,430.8,8532,0.50492264416315
1990,Hunedoara,304.7,7072,0.43085407239819
1991,Hunedoara,304.7,7072,0.43085407239819
1992,Hunedoara,304.7,7072,0.43085407239819
1993,Hunedoara,303.0,7072,0.428450226244344
1994,Hunedoara,302.9,7072,0.428308823529412
1995,Hunedoara,309.2,7072,0.437217194570136
1996,Hunedoara,309.1,7072,0.437075791855204
1997,Hunedoara,309.1,7072,0.437075791855204
1998,Hunedoara,309.0,7072,0.436934389140271
1999,Hunedoara,309.3,7072,0.437358597285068
2000,Hunedoara,309.1,7072,0.437075791855204
2001,Hunedoara,309.1,7072,0.437075791855204
2002,Hunedoara,309.6,7072,0.437782805429864
2003,Hunedoara,309.7,7072,0.437924208144796
2004,Hunedoara,309.8,7072,0.438065610859729
2005,Hunedoara,309.9,7072,0.438207013574661
2006,Hunedoara,310.9,7072,0.439621040723982
2007,Hunedoara,310.9,7072,0.439621040723982
2008,Hunedoara,311.0,7072,0.439762443438914
2009,Hunedoara,311.6,7072,0.440610859728507
2010,Hunedoara,313.1,7072,0.442731900452489
2011,Hunedoara,313.7,7072,0.443580316742081
2012,Hunedoara,314.5,7072,0.444711538461538
2013,Hunedoara,315.2,7072,0.445701357466063
2014,Hunedoara,316.6,7072,0.447680995475113
2015,Hunedoara,317.0,7072,0.448246606334842
2016,Hunedoara,317.1,7072,0.448388009049774
2017,Hunedoara,317.5,7072,0.448953619909502
2018,Hunedoara,317.5,7072,0.448953619909502
2019,Hunedoara,317.5,7072,0.448953619909502
1990,Timis,100.9,8692,0.116083755177174
1991,Timis,100.9,8692,0.116083755177174
1992,Timis,101.1,8692,0.116313851817763
1993,Timis,101.1,8692,0.116313851817763
1994,Timis,101.0,8692,0.116198803497469
1995,Timis,101.1,8692,0.116313851817763
1996,Timis,101.1,8692,0.116313851817763
1997,Timis,101.3,8692,0.116543948458353
1998,Timis,101.3,8692,0.116543948458353
1999,Timis,101.3,8692,0.116543948458353
2000,Timis,101.8,8692,0.117119190059825
2001,Timis,101.8,8692,0.117119190059825
2002,Timis,101.5,8692,0.116774045098942
2003,Timis,102.8,8692,0.11826967326277
2004,Timis,102.7,8692,0.118154624942476
2005,Timis,102.9,8692,0.118384721583065
2006,Timis,103.1,8692,0.118614818223654
2007,Timis,104.5,8692,0.120225494707777
2008,Timis,105.1,8692,0.120915784629544
2009,Timis,104.5,8692,0.120225494707777
2010,Timis,104.8,8692,0.120570639668661
2011,Timis,104.9,8692,0.120685687988955
2012,Timis,105.2,8692,0.121030832949839
2013,Timis,105.3,8692,0.121145881270133
2014,Timis,105.3,8692,0.121145881270133
2015,Timis,105.2,8692,0.121030832949839
2016,Timis,105.2,8692,0.121030832949839
2017,Timis,106.0,8692,0.121951219512195
2018,Timis,105.9,8692,0.121836171191901
2019,Timis,107.1,8692,0.123216751035435